first_name,last_name,email,telephone,birthday
Emmeline,Kenrat,ekenrat0@discovery.com,794-856-3973,1988-08-31
Barnebas,Marushak,bmarushak1@odnoklassniki.ru,682-714-8430,1960-11-22
Arlena,Annesley,aannesley2@irs.gov,715-989-5301,1972-11-29
Eulalie,Grahlmans,egrahlmans3@woothemes.com,885-273-8185,1994-12-02
Nady,Brisseau,nbrisseau4@cornell.edu,275-171-2260,1961-01-09
Wyndham,Dulson,wdulson5@arstechnica.com,476-927-7748,1982-07-04
Odille,Gillopp,ogillopp6@census.gov,129-315-5042,1975-03-23
Culley,Glasson,cglasson7@skyrock.com,487-373-0099,1963-02-08
Corby,Watling,cwatling8@barnesandnoble.com,313-905-0989,1966-11-26
Judie,Banker,jbanker9@baidu.com,530-654-8899,1963-11-18
Melisa,Klauer,mklauera@smh.com.au,743-490-4996,1984-06-30
Collete,Parradice,cparradiceb@mashable.com,202-407-5291,1970-04-09
Cecilia,Coleson,ccolesonc@bandcamp.com,267-898-3461,1987-09-06
Paco,Penning,ppenningd@nsw.gov.au,613-883-5577,1992-04-12
Lurette,Gimbrett,lgimbrette@prnewswire.com,525-442-3829,1983-05-06
Nestor,Jealous,njealousf@uiuc.edu,684-609-2347,1976-09-06
Kurtis,Hitzmann,khitzmanng@comsenz.com,789-280-7934,1958-05-01
Witty,Robic,wrobich@shareasale.com,974-581-5777,1987-07-07
Arleyne,Wittke,awittkei@ow.ly,671-331-9097,1985-07-26
Dell,Ivushkin,divushkinj@pagesperso-orange.fr,612-411-7319,1982-07-15
Torrey,Barhams,tbarhamsk@skyrock.com,908-554-0982,1968-09-28
Mehetabel,Babinski,mbabinskil@dot.gov,202-649-3955,1986-07-04
Faulkner,Tukesby,ftukesbym@wunderground.com,420-799-9372,1980-06-09
Cornelius,Harget,chargetn@hud.gov,660-812-2845,1980-12-02
Terencio,Inge,tingeo@shareasale.com,451-375-9059,1975-01-28
Loraine,Fallens,lfallensp@prnewswire.com,696-732-0348,1980-12-27
Brynn,Fasham,bfashamq@chicagotribune.com,530-372-7136,1969-12-31
Jenni,Yesenin,jyeseninr@cafepress.com,885-636-9722,1964-02-28
Christoforo,Klimke,cklimkes@usnews.com,768-426-3933,1968-03-24
Ruthi,Bellin,rbellint@google.pl,613-385-7235,1954-04-08
Francisco,Senter,fsenteru@state.gov,304-981-8614,1956-11-11
Carr,Banaszkiewicz,cbanaszkiewiczv@sbwire.com,165-408-6096,1994-12-29
Leo,Le Noire,llenoirew@youku.com,610-111-6282,1992-04-24
Benedikta,Krammer,bkrammerx@msu.edu,322-849-8851,1978-11-20
Christoffer,Vignal,cvignaly@accuweather.com,647-815-0349,1961-11-13
Morena,Hultberg,mhultbergz@auda.org.au,798-617-8230,1988-07-01
Moise,Kobera,mkobera10@squidoo.com,468-604-2165,1969-09-30
Padriac,Janak,pjanak11@opera.com,962-529-5500,1985-03-25
Vinnie,Donhardt,vdonhardt12@chicagotribune.com,404-950-3709,1970-10-30
Ulick,Delos,udelos13@tmall.com,718-245-1237,1978-06-23
Grete,Joy,gjoy14@facebook.com,893-245-2292,1984-06-07
Cori,Burnapp,cburnapp15@blogs.com,950-846-9711,1988-05-22
Chaim,Upson,cupson16@canalblog.com,993-842-2493,1972-08-18
Emile,Drivers,edrivers17@epa.gov,969-261-6432,1992-09-21
Donavon,Elam,delam18@twitter.com,905-671-9198,1986-02-05
Zenia,Fairs,zfairs19@amazonaws.com,800-167-5226,1979-01-16
Irwin,Castanyer,icastanyer1a@nba.com,925-642-1265,1953-05-17
Merrili,Dearnaly,mdearnaly1b@who.int,124-543-5572,1965-04-20
Roosevelt,Andrzejczak,randrzejczak1c@theglobeandmail.com,952-644-9738,1990-11-21
Wenonah,Britcher,wbritcher1d@geocities.com,143-961-1818,1989-07-07
