first_name,last_name,birthday,gender,address,telephone,email
Way,Girodon,1925-12-05,Female,7776 Nancy Pass,214-809-9039,wgirodon0@bravesites.com
Zora,Keddey,1989-03-23,Male,1280 Fremont Drive,322-259-7909,zkeddey1@fema.gov
Constantia,Frowen,1944-03-28,Genderqueer,46618 Mockingbird Court,917-922-9000,cfrowen2@indiatimes.com
Dugald,Brewood,1955-08-11,Male,22 Stoughton Trail,408-532-6879,dbrewood3@icio.us
Carr,Whiteway,1970-03-28,Genderfluid,80 Marcy Place,802-140-5111,cwhiteway4@jigsy.com
Faun,Millson,1941-09-20,Female,58876 Thompson Center,611-490-3926,fmillson5@sbwire.com
Janna,Poulton,1946-05-02,Genderqueer,5 Warbler Street,687-224-4384,jpoulton6@drupal.org
Tito,Tutt,1998-02-28,Female,4867 Longview Hill,567-421-2759,ttutt7@hc360.com
Jerrold,Water,1975-03-11,Non-binary,4623 Buhler Plaza,389-777-7514,jwater8@g.co
Vivianne,Owers,1980-02-28,Polygender,2 Maryland Pass,712-161-8889,vowers9@ft.com
Danielle,Gook,1940-11-05,Agender,847 Hovde Junction,296-153-0934,dgooka@cornell.edu
Emlynn,Fransemai,1970-09-08,Male,424 Maple Wood Park,339-664-4648,efransemaib@ezinearticles.com
Constantina,Krysztofowicz,1978-01-10,Agender,26 Buhler Park,195-623-3508,ckrysztofowiczc@whitehouse.gov
Marna,O'Rudden,2005-10-10,Female,7 Independence Street,528-610-8062,moruddend@youtube.com
Emyle,Greatorex,1941-02-12,Genderqueer,45611 International Circle,602-616-2580,egreatorexe@clickbank.net
Lilllie,Haydney,1961-07-29,Non-binary,8 Green Parkway,359-675-2635,lhaydneyf@icio.us
Sammie,Blaby,1954-12-15,Female,565 Ryan Hill,411-700-2360,sblabyg@sitemeter.com
Addy,Muzzini,1971-09-10,Genderqueer,190 Bellgrove Hill,429-147-5515,amuzzinih@cnbc.com
Nico,Aphale,1953-06-23,Male,9 Lakewood Gardens Street,677-827-9314,naphalei@w3.org
Natalee,Cool,1978-06-15,Polygender,306 Victoria Parkway,171-886-1179,ncoolj@123-reg.co.uk
Astra,Snaddon,1946-02-03,Bigender,1 Maywood Parkway,577-882-0873,asnaddonk@last.fm
Kelsi,Clitherow,1974-01-16,Genderqueer,4446 Darwin Alley,309-702-0593,kclitherowl@edublogs.org
Roseanne,Dumbellow,1992-03-19,Genderfluid,35517 Kensington Place,656-983-5035,rdumbellowm@ifeng.com
Vincenz,Blackburne,2001-10-12,Male,875 Brown Terrace,894-548-7939,vblackburnen@tiny.cc
Bobbie,Corington,1998-08-02,Agender,1 Kipling Crossing,103-795-5670,bcoringtono@plala.or.jp
Prentiss,Halley,1990-10-06,Genderqueer,452 Butterfield Avenue,611-782-5046,phalleyp@abc.net.au
Mathew,Tooth,1978-03-13,Male,9236 Ohio Crossing,647-135-6616,mtoothq@phpbb.com
Rebbecca,Knoller,2002-07-10,Genderfluid,9916 Green Plaza,493-153-9928,rknollerr@exblog.jp
Katy,Gantz,1980-11-25,Genderfluid,3 Wayridge Pass,406-765-5839,kgantzs@php.net
Marquita,Clunan,1948-11-22,Bigender,96356 New Castle Road,719-154-9738,mclunant@uol.com.br
Cammi,Karpychev,1947-08-13,Polygender,80 Sachtjen Hill,347-318-9509,ckarpychevu@nsw.gov.au
Rikki,Whyberd,1978-04-13,Non-binary,6373 Talisman Plaza,138-964-5402,rwhyberdv@fotki.com
Lamar,Van der Spohr,1924-03-16,Bigender,758 Ruskin Lane,223-638-3537,lvanderspohrw@google.com.hk
Margarette,Dipple,1929-08-17,Genderqueer,04 Schmedeman Point,776-835-3391,mdipplex@trellian.com
Sheeree,Stoffer,1983-01-01,Male,98 Kennedy Terrace,993-897-5208,sstoffery@wiley.com
Margalo,Merrisson,2005-01-12,Genderqueer,1049 Drewry Lane,684-289-9771,mmerrissonz@unicef.org
Gan,Manderson,1942-10-28,Genderqueer,5 Hallows Road,503-100-6721,gmanderson10@flavors.me
Danit,Kerridge,1944-01-02,Female,219 American Ash Drive,775-352-9419,dkerridge11@t.co
Svend,McSporon,1973-06-14,Genderfluid,0 Scofield Park,626-440-4833,smcsporon12@bloglines.com
Edyth,Mc Dermid,1979-05-24,Bigender,12827 Pawling Plaza,839-548-2156,emcdermid13@shutterfly.com
Agnola,Jarret,1927-01-23,Bigender,15059 Graedel Pass,561-955-1584,ajarret14@seattletimes.com
Huntley,Goodhall,1927-12-24,Bigender,61 Service Street,927-589-0911,hgoodhall15@a8.net
Ddene,Leckenby,1963-10-31,Non-binary,51486 Roth Parkway,660-679-1951,dleckenby16@skype.com
Kermy,Dumbellow,1951-03-14,Genderfluid,9530 Delladonna Place,776-675-3675,kdumbellow17@walmart.com
Doug,Janodet,1948-01-04,Agender,9 Columbus Junction,589-156-8867,djanodet18@europa.eu
Walsh,Syncke,1990-04-29,Genderfluid,71 Sugar Trail,379-556-9695,wsyncke19@delicious.com
Geoff,Earthfield,1934-05-17,Bigender,82572 Old Gate Crossing,562-496-8022,gearthfield1a@mashable.com
Fitz,Temple,1934-03-12,Polygender,17 Prairieview Avenue,586-316-5294,ftemple1b@technorati.com
Elvin,Flury,1959-10-12,Polygender,325 Westend Crossing,679-474-2357,eflury1c@wordpress.com
Victor,Erni,1940-10-01,Female,08786 Gateway Plaza,871-349-4239,verni1d@statcounter.com
Ludwig,Woodvine,1929-03-20,Non-binary,3 Di Loreto Trail,678-977-0360,lwoodvine1e@shareasale.com
Ely,Buddle,2004-04-26,Non-binary,60 Northport Point,304-170-8965,ebuddle1f@devhub.com
Lola,Weyland,1997-12-23,Male,199 Lake View Drive,895-236-2336,lweyland1g@csmonitor.com
Margeaux,Beckles,1965-03-11,Non-binary,8324 Memorial Park,847-430-4486,mbeckles1h@xing.com
Ronalda,Runnicles,1961-11-27,Non-binary,788 Myrtle Road,446-355-1908,rrunnicles1i@samsung.com
Eduardo,Jessup,1971-09-14,Genderqueer,091 Valley Edge Point,210-913-8736,ejessup1j@wix.com
Lotti,Arnauduc,1974-10-17,Female,02818 Sundown Drive,236-786-2080,larnauduc1k@mysql.com
Myrwyn,Leckey,1935-08-09,Genderfluid,7101 North Point,599-343-9773,mleckey1l@skype.com
Nickie,Tenbrug,1958-02-26,Non-binary,9559 Bonner Center,631-806-9383,ntenbrug1m@meetup.com
Artemis,Grundey,1991-09-30,Male,3791 Talmadge Crossing,920-107-5399,agrundey1n@mtv.com
Ailina,Sines,1934-09-05,Bigender,312 Johnson Place,748-718-0351,asines1o@fotki.com
Tailor,Taft,1998-05-09,Genderfluid,41897 Brown Center,672-853-4406,ttaft1p@feedburner.com
Annabal,Muehle,2002-08-20,Genderfluid,437 Buell Crossing,826-482-6335,amuehle1q@ted.com
Sinclare,Reardon,2000-05-26,Genderfluid,4867 2nd Crossing,984-241-3515,sreardon1r@google.co.uk
Scotti,Feldman,1938-11-12,Genderqueer,6766 Mockingbird Plaza,154-121-6602,sfeldman1s@bizjournals.com
Corette,Brayson,1969-04-30,Bigender,133 Center Court,598-813-9533,cbrayson1t@google.es
Pollyanna,Humburton,1932-02-01,Polygender,8286 New Castle Avenue,509-713-9167,phumburton1u@nih.gov
Karna,Collin,1983-11-15,Bigender,80 Oneill Junction,221-836-8336,kcollin1v@exblog.jp
Sal,Dimanche,1969-12-17,Polygender,192 Coolidge Lane,494-693-4115,sdimanche1w@engadget.com
Felice,McNelly,1955-03-02,Male,96 Northfield Street,491-288-0616,fmcnelly1x@nifty.com
Luciana,Vogeller,1949-01-23,Non-binary,94797 Burrows Pass,687-724-1026,lvogeller1y@zdnet.com
Vivi,McGaughie,1935-06-27,Non-binary,3061 Parkside Parkway,650-215-9362,vmcgaughie1z@globo.com
Ernie,Eliet,1922-02-03,Non-binary,348 Bunting Road,255-358-3359,eeliet20@jalbum.net
Sapphire,Collough,1948-12-09,Polygender,58 Saint Paul Hill,428-969-2433,scollough21@google.fr
Florri,Hakeworth,1937-03-29,Genderqueer,8093 Arizona Lane,277-618-6197,fhakeworth22@dropbox.com
Devin,Cockell,1960-12-27,Agender,22525 Lillian Drive,354-483-2741,dcockell23@lycos.com
Krystal,Iacovacci,1967-03-29,Non-binary,50 Trailsway Drive,267-253-3821,kiacovacci24@biblegateway.com
Rhetta,Roxburch,1989-02-03,Male,0548 Schlimgen Junction,106-298-5202,rroxburch25@newyorker.com
Lutero,Whates,1990-05-08,Genderfluid,3 Linden Parkway,502-237-0938,lwhates26@sohu.com
Gracia,Mazey,2004-10-03,Non-binary,0 Anzinger Junction,238-637-8123,gmazey27@webs.com
Adel,Burdell,1979-08-05,Female,84 Macpherson Pass,665-649-6776,aburdell28@nbcnews.com
Hill,Hort,1975-04-24,Agender,28 Alpine Street,576-331-8177,hhort29@dagondesign.com
Shaine,Sidle,1970-01-02,Agender,0780 Hayes Junction,134-114-8420,ssidle2a@freewebs.com
Ibby,Senecaux,1923-02-03,Male,3 La Follette Point,876-762-4530,isenecaux2b@yellowbook.com
Dare,Maccrea,1930-01-29,Non-binary,167 Texas Alley,981-181-3030,dmaccrea2c@boston.com
Christiana,Starkings,1933-04-14,Male,32561 Nevada Terrace,985-931-5125,cstarkings2d@ask.com
Jacquelynn,Dowber,2000-06-29,Genderqueer,2 Vernon Hill,210-989-8305,jdowber2e@huffingtonpost.com
Harli,Burston,1943-12-16,Polygender,34 Fremont Plaza,887-290-4729,hburston2f@cam.ac.uk
Beckie,Williment,2003-06-20,Genderqueer,3008 Ryan Trail,137-401-9989,bwilliment2g@usgs.gov
Caryl,Tejada,1963-03-20,Bigender,88983 Barnett Parkway,562-553-4462,ctejada2h@rediff.com
Anastasia,Duckers,1963-01-24,Male,9 David Hill,178-415-8725,aduckers2i@vimeo.com
Erv,Fausset,1964-05-07,Male,77366 Monterey Court,841-230-3429,efausset2j@cdbaby.com
Tadio,Matthensen,1934-02-14,Polygender,45539 Basil Terrace,517-143-7299,tmatthensen2k@wisc.edu
Brenna,Whatman,1992-12-22,Agender,78199 Banding Place,519-383-9690,bwhatman2l@utexas.edu
Carling,Sarre,1964-05-11,Bigender,1 Miller Terrace,600-852-8931,csarre2m@deviantart.com
Al,Tabary,1982-10-16,Polygender,148 Anderson Crossing,135-875-9907,atabary2n@plala.or.jp
Trip,Barbrick,1943-11-09,Genderfluid,9035 Doe Crossing Drive,647-634-0082,tbarbrick2o@is.gd
Odelle,Phare,1938-03-28,Female,1344 Johnson Point,360-582-4031,ophare2p@icq.com
Kamillah,Etuck,1988-06-15,Male,3 Marquette Court,471-612-0373,ketuck2q@typepad.com
Lillis,Binns,1971-03-22,Female,0 Quincy Alley,409-856-2752,lbinns2r@photobucket.com
